Tenor,Date,Forward_CADUSD,Forward_USDCAD,DF_USD,DF_CAD,Source
ON,2026-09-30,0.7053938185521395,1.4176478070825123,0.999893162100488,0.9999369902718459,CIP_DF
1W,2026-10-06,0.7055792451769783,1.4172752484367266,0.9992526137984467,0.9995590985893894,CIP_DF
1M,2026-10-29,0.7062887507719754,1.4158515181036049,0.9968047628150858,0.9981131559517623,CIP_DF
3M,2026-12-29,0.708160579499071,1.4121091020166168,0.9903703442418782,0.9942984475323692,CIP_DF
6M,2027-03-29,0.7108963124439535,1.4066749011007695,0.9810272026748446,0.9887231385593898,CIP_DF
9M,2027-06-29,0.7136613098981619,1.4012249033686555,0.9716569012929691,0.9830881897441007,CIP_DF
1Y,2027-09-29,0.716394969307602,1.3958780321510396,0.9624639076034649,0.9775171065493647,CIP_DF
2Y,2028-09-29,0.7269701388012043,1.3755723194477152,0.9275518476070432,0.9559653547679099,CIP_DF
3Y,2029-09-29,0.7370620040964755,1.3567379602287952,0.8951695181290222,0.9353985566672134,CIP_DF
5Y,2031-09-29,0.7559967672352792,1.3227569790503917,0.8367452672312213,0.8968103037361362,CIP_DF
10Y,2036-09-29,0.7971787274465633,1.254423839435721,0.7192585921843194,0.8128831964794363,CIP_DF
