Date,Quarter,QuarterPrice,Symbol,Expiry,Close,High,Low,Volume
2026-10-31,Q4,19.616666158040363,SBH27.NYB,2027-02-26,20.729999542236328,20.809999465942383,19.850000381469727,131581
2026-11-30,Q4,19.616666158040363,SBH27.NYB,2027-02-26,20.729999542236328,20.809999465942383,19.850000381469727,131581
2026-12-31,Q4,19.616666158040363,SBH27.NYB,2027-02-26,20.729999542236328,20.809999465942383,19.850000381469727,131581
2027-01-31,Q1,20.443333307902016,SBH27.NYB,2027-02-26,20.729999542236328,20.809999465942383,19.850000381469727,131581
2027-02-28,Q1,20.443333307902016,SBK27.NYB,2027-04-30,19.8700008392334,19.93000030517578,19.1299991607666,70569
2027-03-31,Q1,20.443333307902016,SBK27.NYB,2027-04-30,19.8700008392334,19.93000030517578,19.1299991607666,70569
2027-04-30,Q2,19.470000584920246,SBK27.NYB,2027-04-30,19.8700008392334,19.93000030517578,19.1299991607666,70569
2027-05-31,Q2,19.470000584920246,SBN27.NYB,2027-06-30,19.270000457763672,19.329999923706055,18.65999984741211,49008
2027-06-30,Q2,19.470000584920246,SBN27.NYB,2027-06-30,19.270000457763672,19.329999923706055,18.65999984741211,49008
2027-07-31,Q3,19.059999465942383,SBV27.NYB,2027-09-30,19.059999465942383,19.139999389648438,18.549999237060547,25588
2027-08-31,Q3,19.059999465942383,SBV27.NYB,2027-09-30,19.059999465942383,19.139999389648438,18.549999237060547,25588
2027-09-30,Q3,19.059999465942383,SBV27.NYB,2027-09-30,19.059999465942383,19.139999389648438,18.549999237060547,25588
2027-10-31,Q4,19.616666158040363,SBH28.NYB,2028-02-29,19.239999771118164,19.309999465942383,18.799999237060547,11430
2027-11-30,Q4,19.616666158040363,SBH28.NYB,2028-02-29,19.239999771118164,19.309999465942383,18.799999237060547,11430
2027-12-31,Q4,19.616666158040363,SBH28.NYB,2028-02-29,19.239999771118164,19.309999465942383,18.799999237060547,11430
2028-01-31,Q1,20.443333307902016,SBH28.NYB,2028-02-29,19.239999771118164,19.309999465942383,18.799999237060547,11430
2028-02-29,Q1,20.443333307902016,SBH28.NYB,2028-02-29,19.239999771118164,19.309999465942383,18.799999237060547,11430
2028-03-31,Q1,20.443333307902016,SBK28.NYB,2028-04-28,18.219999313354492,18.270000457763672,17.84000015258789,5808
2028-04-30,Q2,19.470000584920246,SBN28.NYB,2028-06-30,17.6200008392334,17.65999984741211,17.329999923706055,3373
2028-05-31,Q2,19.470000584920246,SBN28.NYB,2028-06-30,17.6200008392334,17.65999984741211,17.329999923706055,3373
2028-06-30,Q2,19.470000584920246,SBN28.NYB,2028-06-30,17.6200008392334,17.65999984741211,17.329999923706055,3373
2028-07-31,Q3,19.059999465942383,SBV28.NYB,2028-09-29,17.459999084472656,17.520000457763672,17.239999771118164,2416
2028-08-31,Q3,19.059999465942383,SBV28.NYB,2028-09-29,17.459999084472656,17.520000457763672,17.239999771118164,2416
2028-09-30,Q3,19.059999465942383,SBH29.NYB,2029-02-28,17.729999542236328,17.809999465942383,17.649999618530273,1244
2028-10-31,Q4,19.616666158040363,SBH29.NYB,2029-02-28,17.729999542236328,17.809999465942383,17.649999618530273,1244
2028-11-30,Q4,19.616666158040363,SBH29.NYB,2029-02-28,17.729999542236328,17.809999465942383,17.649999618530273,1244
2028-12-31,Q4,19.616666158040363,SBH29.NYB,2029-02-28,17.729999542236328,17.809999465942383,17.649999618530273,1244
2029-01-31,Q1,20.443333307902016,SBH29.NYB,2029-02-28,17.729999542236328,17.809999465942383,17.649999618530273,1244
2029-02-28,Q1,20.443333307902016,SBH29.NYB,2029-02-28,17.729999542236328,17.809999465942383,17.649999618530273,1244
2029-03-31,Q1,20.443333307902016,SBK29.NYB,2029-04-30,17.239999771118164,17.350000381469727,17.219999313354492,809
2029-04-30,Q2,19.470000584920246,SBK29.NYB,2029-04-30,17.239999771118164,17.350000381469727,17.219999313354492,809
2029-05-31,Q2,19.470000584920246,SBN29.NYB,2029-06-29,17.0,17.1299991607666,16.989999771118164,501
